<?xml version="1.0" encoding="UTF-8"?>
<beans xmlns="http://www.springframework.org/schema/beans"
	xmlns:xsi="http://www.w3.org/2001/XMLSchema-instance"
	xmlns:context="http://www.springframework.org/schema/context"
	xmlns:jdbc="http://www.springframework.org/schema/jdbc"
	xmlns:mybatis-spring="http://mybatis.org/schema/mybatis-spring"
	xsi:schemaLocation="http://www.springframework.org/schema/jdbc http://www.springframework.org/schema/jdbc/spring-jdbc-4.3.xsd
		http://mybatis.org/schema/mybatis-spring http://mybatis.org/schema/mybatis-spring-1.2.xsd
		http://www.springframework.org/schema/beans https://www.springframework.org/schema/beans/spring-beans.xsd
		http://www.springframework.org/schema/context http://www.springframework.org/schema/context/spring-context-4.3.xsd">
	
	<!-- Root Context: defines shared resources visible to all other web components -->
	
	

<!-- DB연결 -->
<bean id="dataSource" class="org.springframework.jdbc.datasource.DriverManagerDataSource" >
	<property name="driverClassName" value="com.mysql.cj.jdbc.Driver" />
	<property name="url" value="jdbc:mysql://localhost:3306/library?serverTimeZone=UTC" />
	<property name="username" value="root" />
	<property name="password" value="mysql" />
</bean>

<!-- sqlSessionFactory -->
<bean id="sqlSessionFactory" class="org.mybatis.spring.SqlSessionFactoryBean">
<property name="dataSource" ref="dataSource" />
<property name="configLocation" value="classpath:mapper/mybatis-config.xml" />
<property name="mapperLocations" value="classpath:mapper/*Mapper*.xml" />
</bean>

<!-- sqlSession -->
<bean id="sqlSession" class="org.mybatis.spring.SqlSessionTemplate" destroy-method="clearCache">
<constructor-arg name="sqlSessionFactory" ref="sqlSessionFactory"></constructor-arg>
</bean>

<context:component-scan base-package="com.project.library"></context:component-scan>



	
</beans>
